white values,brightest color,common color,number of colors,category
8,229220205,130125121,212,0
16,229220205,130125121,486,0
42,232217196,130125121,725,0
80,232217196,130125121,1077,0
119,232228222,130125121,1226,1
158,232228222,160151142,1330,1
197,232228222,149147135,1463,1
254,252248235,149147135,1655,1
318,252248235,149147135,1759,2
382,252248235,144135126,1933,2
446,252248235,144135126,1986,2
510,252248235,144135126,2034,2
580,255255251,144135126,2251,3
670,255255251,144135126,2394,3
765,255255251,144135126,2466,3
869,255255251,144135126,2532,3
982,255255251,144135126,2815,4
1095,255255251,144135126,2961,4
1219,255255251,144135126,3156,4
1355,255255251,144135126,3512,4
17,225213199,1115937,366,0
44,225213199,166157148,784,0
90,230219209,166157148,1025,0
230,248250249,166157148,1208,0
384,248250249,166157148,1656,0
538,248250249,166157148,1731,1
695,248250249,166157148,1885,1
853,248250249,166157148,1921,1
1013,248250249,166157148,2146,1
1173,248250249,166157148,2177,1
1333,248250249,166157148,2365,2
1493,248250249,166157148,2520,2
1665,248250249,166157148,2699,2
1847,248250249,166157148,2785,2
2043,248250249,166157148,2924,2
2250,252249253,166157148,3200,3
2461,252249253,166157148,3284,3
2678,255255247,166157148,3386,3
2901,255255247,166157148,3458,3
3127,255255247,166157148,3555,3
3354,255255247,166157148,3880,4
3585,255255247,166157148,4217,4
3816,255255247,166157148,4569,4
4049,255255247,166157148,4944,4
4283,255255247,166157148,5195,4
9,225199148,302842,730,0
29,225199148,170160150,902,0
58,225199148,170160150,1029,0
93,225199148,184184184,1263,0
155,237241240,184184184,1518,0
217,237241240,184184184,1557,1
279,237241240,184184184,1591,1
341,237241240,165156147,1725,1
403,237241240,165156147,1824,1
465,237241240,165156147,1929,1
527,237241240,165156147,2076,2
601,237241240,165156147,2221,2
675,237241240,165156147,2379,2
749,237241240,165156147,2499,2
823,237241240,165156147,2597,2
905,255255253,165156147,2885,3
1001,255255255,165156147,3320,3
1097,255255255,165156147,3551,3
1194,255255255,165156147,3832,3
1316,255255255,165156147,4114,3
1441,255255255,165156147,4406,4
1576,255255255,165156147,4812,4
1731,255255255,165156147,5082,4
1893,255255255,165156147,5174,4
2068,255255255,165156147,5643,4
36,224215179,13412186,297,0
90,244244242,313129,546,0
194,244244242,313129,769,0
305,244244242,313129,1129,0
434,244244242,313129,1391,0
563,244244242,147152155,1769,1
715,244244242,170146120,2154,1
872,246247248,158160173,2369,1
1032,246247248,158160173,2666,1
1192,246247248,158160173,2742,1
1352,246247248,158160173,2882,2
1512,246247248,158160173,3011,2
1687,246247248,158160173,3239,2
1863,246247248,158160173,3435,2
2042,246247248,158160173,3679,2
2234,254243198,158160173,4083,3
2452,254255255,158160173,4432,3
2701,254255255,158160173,4660,3
2950,254255255,158160173,4756,3
3200,254255255,158160173,5021,3
3461,254255255,158160173,5373,4
3735,254255255,158160173,5872,4
4031,254255255,158160173,6277,4
4358,254255255,158160173,6536,4
4686,254255255,158160173,6696,4
82,255205198,656563,330,0
174,255205198,133132130,570,0
269,255205198,133132130,729,0
385,255205198,133132130,1183,0
523,255205198,133132130,1499,0
676,255205198,165167180,1836,1
831,255205198,165167180,2030,1
987,255205198,165167180,2196,1
1145,255255243,165167180,2349,1
1303,255255243,165167180,2547,1
1473,255255243,165167180,2791,2
1680,255255243,165167180,3202,2
1887,255255243,165167180,3327,2
2104,255255243,165167180,3599,2
2326,255255243,165167180,3812,2
2579,255255255,165167180,4240,3
2843,255255255,165167180,4468,3
3109,255255255,165167180,4602,3
3400,255255255,165167180,4965,3
3701,255255255,165167180,5099,3
4017,255255255,165167180,5326,4
4334,255255255,165167180,5656,4
4684,255255255,165167180,5808,4
5034,255255255,165167180,6103,4
5384,255255255,165167180,6321,4
12,243241232,292927,348,0
31,249250236,11110796,824,0
54,249250236,158157153,1026,0
102,250227194,158157153,1394,0
157,250227194,158157153,1640,0
218,255255255,144144142,1918,1
279,255255255,144144142,1981,1
367,255255255,144144142,2334,1
460,255255255,177177177,2454,1
555,255255255,177177177,2669,1
662,255255255,177177177,2885,2
779,255255255,177177177,3064,2
903,255255255,177177177,3310,2
1034,255255255,177177177,3563,2
1165,255255255,177177177,3812,2
1309,255255255,177177177,4041,3
1469,255255255,177177177,4273,3
1630,255255255,177177177,4482,3
1812,255255255,177177177,4632,3
2001,255255255,177177177,4817,3
2205,255255255,177177177,4949,4
2413,255255255,177177177,5416,4
2646,255255255,177177177,5608,4
2885,255255255,177177177,6033,4
3147,255255255,177177177,6109,4
6,255215149,20213451,318,0
45,255215149,20213451,791,0
96,255215149,147142136,1125,0
161,255215149,147142136,1587,0
295,255215149,147142136,1860,0
435,255215149,147142136,2140,1
575,255215149,147142136,2295,1
717,255215149,147142136,2583,1
860,255215149,159162181,2820,1
1005,255215149,163165177,3009,1
1150,255215149,163165177,3186,2
1313,255255253,163165177,3470,2
1477,255255253,163165177,3658,2
1648,255255253,163165177,3916,2
1837,255255253,163165177,4297,2
2050,255255253,163165177,4509,3
2273,255255253,163165177,5104,3
2509,255255253,163165177,5226,3
2761,255255253,163165177,5540,3
3015,255255253,163165177,5870,3
3273,255255253,163165177,6072,4
3541,255255253,163165177,6613,4
3815,255255253,163165177,6816,4
4089,255255253,148151160,6981,4
4374,255255253,148151160,7194,4
29,234235227,192118,432,0
66,234235227,145144142,662,0
145,249232176,145144142,987,0
248,249232176,145144142,1215,0
352,249232176,808078,1599,0
456,249232176,808078,1829,1
561,249232176,808078,1990,1
672,249232176,808078,2264,1
786,249232176,808078,2516,1
919,249232176,808078,2765,1
1071,249232176,808078,3192,2
1223,249232176,808078,3426,2
1383,249232176,808078,3575,2
1554,249232176,808078,3848,2
1729,249232176,808078,4100,2
1939,255201147,808078,4525,3
2171,255201147,808078,4935,3
2416,255201147,808078,5172,3
2668,255201147,808078,5402,3
2933,255255255,138126114,5576,3
3200,255255255,138126114,5834,4
3480,255255255,138126114,6173,4
3778,255255255,138126114,6414,4
4086,255255255,138126114,6697,4
4408,255255255,138126114,6904,4
7,208208200,122121116,266,0
60,251235182,122121116,749,0
170,251235182,122121116,1171,0
309,251235182,200147133,1450,0
462,251235208,200147133,1757,0
620,251235208,272822,2187,1
778,251235208,272822,2391,1
936,251235208,152152150,2609,1
1094,251235208,152152150,2671,1
1257,251235208,152152150,2988,1
1438,252224174,152152150,3266,2
1630,253243218,152152150,3432,2
1853,255254235,152152150,3790,2
2080,255254235,152152150,4029,2
2310,255254235,152152150,4457,2
2548,255254235,152152150,4660,3
2787,255254235,152152150,4826,3
3044,255254235,152152150,5157,3
3305,255254235,152152150,5472,3
3580,255254235,152152150,5916,3
3872,255254235,152152150,6220,4
4170,255254235,202116,6382,4
4472,255254235,202116,6559,4
4802,255255246,202116,6942,4
5134,255255246,202116,7238,4
11,237228211,130121112,210,0
45,245174150,130121112,491,0
152,245174150,807571,925,0
283,245174150,807571,1287,0
455,245174150,807571,1626,0
629,255250234,807571,1822,1
804,255250234,807571,1928,1
983,255250234,807571,2351,1
1178,255250234,168163157,2746,1
1373,255250234,168163157,2809,1
1568,255250234,168163157,2981,2
1769,255250234,168163157,3403,2
1975,255250234,168163157,3472,2
2190,255250234,168163157,3712,2
2409,255250234,168163157,3931,2
2630,255250234,10108,4180,3
2871,255250234,10108,4493,3
3112,255250234,10108,4772,3
3359,255250234,10108,4808,3
3613,255250234,10108,5184,3
3880,255250234,10108,5386,4
4150,255250234,10108,5730,4
4439,255250234,10108,5992,4
4742,255250234,10108,6126,4
5045,255250234,10108,6568,4
12,220212199,12311290,307,0
25,220212199,12311290,631,0
38,220212199,12311290,774,0
81,254194164,12311290,1245,0
127,254194164,12311290,1630,0
193,254194164,12311290,1955,1
260,254194164,12311290,2076,1
327,254194164,167168173,2309,1
422,254255249,14212599,2609,1
521,254255249,14212599,2899,1
629,254255249,14212599,3217,2
737,254255249,158160173,3445,2
882,254255249,158160173,3705,2
1032,254255249,158160173,3891,2
1194,254255249,158160173,4175,2
1362,254255249,158160173,4528,3
1535,254255249,158160173,4633,3
1731,254255249,158160173,5026,3
1939,254255249,158160173,5148,3
2192,255255255,158160173,5598,3
2464,255255255,158160173,5854,4
2761,255255255,158160173,6150,4
3079,255255255,158160173,6673,4
3405,255255255,158160173,7246,4
3742,255255255,111111121,7406,4
11,243230207,387198,452,0
53,244186194,1403647,932,0
99,244186194,163162160,1110,0
153,244186194,163162160,1281,0
219,244186194,175171160,1522,0
288,244186194,175171160,1927,1
369,244186194,175171160,2282,1
450,244186194,175171160,2455,1
534,244186194,158158170,2672,1
618,244186194,158158170,2862,1
720,244186194,158158170,3105,2
823,244186194,158160173,3296,2
926,244186194,158160173,3513,2
1037,244186194,162164177,3750,2
1148,244186194,162164177,3903,2
1275,244186194,162164177,4381,3
1403,244186194,162164177,4592,3
1541,247241203,162164177,4922,3
1680,247241203,162164177,5022,3
1819,247241203,162164177,5210,3
1980,254251250,162164177,5547,4
2155,255217232,162164177,5880,4
2336,255217232,162164177,6361,4
2518,255217232,162164177,6500,4
2723,255217232,162164177,7067,4
9,239236229,163161148,302,0
32,255197175,163161148,733,0
57,255197175,178178176,885,0
87,255197175,178178176,1124,0
140,255197175,178178176,1332,0
193,255197175,178178176,1380,1
257,255197175,178178176,1686,1
323,255197175,162164176,1938,1
393,255197175,162164176,2308,1
463,255197175,157159172,2496,1
535,255197175,157159172,2631,2
612,255197175,157159172,2916,2
697,255197175,157159172,3275,2
788,255197175,157159172,3511,2
886,255197175,157159172,3731,2
995,255197175,157159172,3993,3
1149,255255248,157159172,4385,3
1311,255255248,157159172,4587,3
1486,255255248,157159172,4854,3
1669,255255248,157159172,5212,3
1857,255255248,157159172,5511,4
2072,255255248,157159172,6120,4
2289,255255248,157159172,6492,4
2506,255255248,157159172,6582,4
2723,255255248,157159172,6848,4
26,254248234,272621,197,0
60,254248234,169169167,437,0
94,254248234,169169167,825,0
140,254248234,169169167,1194,0
230,254248234,169169167,1576,0
320,254248234,169169167,1656,1
419,254248234,135135137,1963,1
523,254248234,135135137,2325,1
632,255255248,135135137,2683,1
755,255255248,135135137,3070,1
906,255255248,135135137,3359,2
1057,255255248,135135137,3641,2
1214,255255248,135135137,3874,2
1371,255255248,135135137,4074,2
1533,255255248,135135137,4184,2
1712,255255248,135135137,4524,3
1891,255255248,135135137,4707,3
2074,255255248,135135137,5029,3
2260,255255248,135135137,5215,3
2447,255255248,135135137,5332,3
2658,255255248,135135137,5777,4
2881,255255248,135135137,6152,4
3104,255255248,135135137,6397,4
3338,255255248,135135137,6871,4
3583,255255248,135135137,7300,4
0,194193173,11410980,329,0
9,234234232,11410980,514,0
46,254235205,11410980,790,0
124,254235205,11410980,1196,0
231,254235205,11410980,1592,0
346,254235205,152152150,2015,1
466,254235205,130129134,2403,1
596,254235205,156158171,2614,1
726,254235205,156158171,2750,1
861,254235205,156158171,2971,1
1008,254235205,156158171,3256,2
1169,254235205,156158171,3456,2
1331,254235205,156158171,3649,2
1493,254235205,156158171,3826,2
1662,254235205,156158171,4045,2
1831,254235205,156158171,4229,3
2009,254235205,156158171,4508,3
2209,255255249,156158171,4820,3
2411,255255249,156158171,5005,3
2631,255255249,156158171,5233,3
2876,255255249,156158171,5611,4
3126,255255249,156158171,5922,4
3382,255255255,156158171,6217,4
3641,255255255,156158171,6535,4
3907,255255255,156158171,6894,4
5,217212215,168168168,301,0
63,253251233,888069,678,0
156,253251233,343977,943,0
263,253251233,343977,1094,0
380,253251233,343977,1346,0
498,253251233,155158167,1597,1
616,253251233,155158167,1725,1
736,253251233,155158167,1953,1
856,253251233,12510580,2242,1
983,253251233,12510580,2436,1
1118,253251233,12510580,2666,2
1253,253251233,12510580,2820,2
1389,253251233,12510580,3046,2
1525,253251233,12510580,3282,2
1667,253251233,12510580,3455,2
1814,253251233,12510580,3825,3
1965,253251233,12510580,4370,3
2136,255255248,12510580,4861,3
2314,255255248,12510580,5151,3
2503,255255248,12510580,5499,3
2693,255255248,12510580,5862,4
2883,255255248,12510580,6118,4
3073,255255248,12510580,6369,4
3269,255255248,12510580,6648,4
3478,255255248,12510580,6874,4
17,249248243,161157145,322,0
129,255219219,272727,563,0
319,255234219,272727,1134,0
614,255234219,272727,1601,0
930,255234219,272727,1949,0
1249,255234219,272727,2273,1
1587,255234219,155157170,2539,1
1925,255234219,155157170,2705,1
2265,255234219,155157170,2958,1
2614,255234219,155157170,3228,1
2967,255234219,155157170,3451,2
3321,255234219,155157170,3587,2
3676,255234219,155157170,3729,2
4031,255234219,155157170,3926,2
4386,255234219,155157170,4157,2
4747,255234219,155157170,4441,3
5108,255234219,155157170,4742,3
5490,255234219,155157170,4871,3
5874,255234219,155157170,5148,3
6278,255234219,155157170,5622,3
6685,255234219,155157170,6116,4
7103,255234219,155157170,6529,4
7550,255234219,155157170,6794,4
7997,255234219,155157170,7128,4
8482,255234219,155157170,7347,4
18,237231226,1139877,250,0
79,237231226,1139877,610,0
145,237231226,143138132,936,0
232,250247237,143138132,1247,0
346,250247237,143138132,1567,0
464,250247237,143138132,1811,1
595,250253254,143138132,2301,1
734,250253254,143138132,2632,1
881,250253254,143138132,2845,1
1029,250253254,125124129,3186,1
1188,255235190,125124129,3810,2
1354,255235190,125124129,4053,2
1521,255235190,125124129,4246,2
1688,255235190,125124129,4343,2
1873,255235190,125124129,4618,2
2058,255235190,113117128,4840,3
2260,255255253,113117128,5027,3
2473,255255253,113117128,5536,3
2708,255255253,113117128,5982,3
2962,255255253,113117128,6480,3
3234,255255253,15912789,6807,4
3508,255255253,15912789,7171,4
3784,255255253,15912789,7399,4
4102,255255253,15912789,7672,4
4450,255255253,15912789,7928,4
23,232228230,423837,237,0
50,232228230,157153142,545,0
106,232228230,157153142,799,0
178,247227210,157153142,994,0
265,247227210,157153142,1274,0
357,247227210,157153142,1561,1
449,247227210,157153142,1797,1
541,247227210,157153142,1963,1
634,247227210,157153142,2139,1
729,251251248,157153142,2388,1
829,251251248,157153142,2611,2
929,251251248,157153142,2815,2
1040,251251248,157153142,3105,2
1151,251251248,157153142,3389,2
1262,251251248,157153142,3497,2
1377,251251248,157153142,3699,3
1499,251251248,157153142,3969,3
1628,254237171,159147133,4165,3
1767,254237171,159147133,4462,3
1922,254237171,159147133,4746,3
2085,254237171,159147133,4813,4
2251,254237171,159147133,4987,4
2418,254237171,159147133,5028,4
2614,254237171,159147133,5460,4
2836,254237171,159147133,5978,4
2,207203192,188184173,307,0
6,221218214,187183172,683,0
30,248230230,191917,1023,0
63,248230230,191917,1194,0
119,248230230,191917,1643,0
183,248230230,191917,2136,1
250,248230230,191917,2446,1
319,248230230,191917,2784,1
397,255243200,191917,3142,1
475,255243200,191917,3404,1
560,255243200,191917,3543,2
645,255243200,191917,3726,2
745,255243200,191917,4031,2
858,255254242,191917,4386,2
977,255254242,191917,4735,2
1099,255254242,191917,4984,3
1228,255254242,191917,5201,3
1369,255254242,191917,5446,3
1518,255254242,191917,5630,3
1687,255254242,191917,5861,3
1893,255254242,191917,6259,4
2105,255254242,191917,6546,4
2318,255254242,191917,6723,4
2531,255254242,191917,6978,4
2747,255254242,191917,7189,4
68,253238230,113183,474,0
153,253238230,113183,877,0
240,253238230,158154151,1279,0
407,253238230,158154151,1773,0
625,253238230,158154151,2064,0
843,253238230,158154151,2219,1
1071,253238230,158154151,2513,1
1299,253238230,158154151,2610,1
1541,253238230,158154151,2917,1
1784,253238230,158154151,3069,1
2056,253238230,158154151,3260,2
2329,253238230,147149162,3611,2
2604,253238230,147149162,4039,2
2881,253238230,147149162,4276,2
3161,253238230,147149162,4535,2
3455,255255250,147149162,4759,3
3756,255255250,147149162,5025,3
4061,255255250,147149162,5141,3
4368,255255250,147149162,5264,3
4694,255255250,147149162,5448,3
5031,255255250,147149162,5586,4
5382,255255250,147149162,5941,4
5761,255255250,147149162,6225,4
6144,255255250,147149162,6447,4
6527,255255250,147149162,6585,4
61,245246241,464541,240,0
135,253249230,317371,507,0
226,253249230,144144144,1016,0
363,253249230,144144144,1438,0
528,253249230,144144144,1740,0
693,253249230,144144144,1905,1
861,253249230,157159172,2216,1
1039,253249230,155157170,2402,1
1230,253249230,146146156,2691,1
1428,253249230,146146156,2843,1
1646,253249230,146146156,2994,2
1864,253249230,146146156,3230,2
2114,253249230,146146156,3466,2
2376,254252237,146146156,3713,2
2651,255250230,146146156,4062,2
2928,255250230,146146156,4322,3
3212,255250230,146146156,4596,3
3506,255250230,146146156,4769,3
3809,255250230,202115,5039,3
4118,255250230,202115,5264,3
4451,255250230,202115,5545,4
4803,255250230,202115,5845,4
5174,255250230,202115,6037,4
5546,255250230,202115,6317,4
5918,255250230,202115,6713,4
14,226223216,137134129,332,0
41,251241239,137134129,652,0
108,251241239,137134129,899,0
177,251241239,137134129,1310,0
348,255227229,137134129,1618,0
526,255227229,137134129,1707,1
711,255227229,137134129,1931,1
904,255227229,137134129,2162,1
1102,255227229,137134129,2543,1
1313,255227229,137134129,2844,1
1539,255227229,137134129,3125,2
1788,255227229,137134129,3467,2
2041,255227229,137134129,3738,2
2294,255227229,137134129,3886,2
2547,255227229,137134129,4042,2
2808,255227229,118115108,4348,3
3077,255227229,118115108,4909,3
3362,255227229,118115108,5263,3
3647,255227229,118115108,5518,3
3962,255227229,118115108,5948,3
4293,255227229,118115108,6153,4
4625,255227229,118115108,6471,4
4957,255227229,118115108,6864,4
5297,255227229,118115108,7100,4
5654,255227229,118115108,7470,4
13,238237233,166165161,209,0
28,238237233,166165161,376,0
43,238237233,166165161,673,0
61,238237233,125124120,914,0
79,238237233,135131120,1260,0
125,238237233,135131120,1785,1
173,238237233,135131120,2315,1
236,253254252,135131120,2559,1
307,253254252,135131120,2744,1
391,253254252,135131120,3315,1
482,253254252,135131120,3589,2
573,253254252,135131120,3910,2
679,253254252,135131120,4168,2
785,253254252,135131120,4466,2
900,253254252,135131120,4815,2
1021,254254252,125124120,5230,3
1149,254254252,160150138,5412,3
1282,255254239,160150138,5608,3
1438,255254239,160150138,5931,3
1599,255255250,138125108,6142,3
1763,255255250,138125108,6516,4
1942,255255250,138125108,7065,4
2169,255255250,138125108,7481,4
2406,255255250,138125108,7691,4
2649,255255250,138125108,7994,4
5,222212204,167162156,227,0
60,242184101,167162156,756,0
121,242184101,158158158,961,0
195,255240229,158158158,1348,0
274,255240229,158158158,1498,0
364,255240229,158158158,1778,1
471,255240229,158158158,2020,1
579,255240229,150153162,2239,1
706,255240229,150153162,2621,1
834,255240229,150153162,2884,1
962,255240229,150153162,3043,2
1095,255240229,150153162,3357,2
1260,255240229,150153162,3673,2
1434,255240229,150153162,4034,2
1614,255240229,159161173,4261,2
1806,255240229,159161173,4646,3
1998,255240229,159161173,4735,3
2200,255240229,159161173,5038,3
2405,255240229,159161173,5374,3
2610,255240229,159161173,5476,3
2827,255240229,159161173,5720,4
3044,255240229,159161173,6184,4
3274,255252255,159161173,6667,4
3508,255252255,159161173,6997,4
3755,255252255,159161173,7453,4
14,238234231,928064,289,0
35,238234231,928064,548,0
70,248249235,1242031,923,0
106,248249235,1242031,982,0
163,248249235,1242031,1300,0
248,248249235,1242031,1605,1
348,248249235,1242031,1793,1
458,248249235,1242031,2008,1
576,248249235,120117112,2279,1
701,248249235,158151135,2539,1
835,248249235,158151135,2751,2
971,248249235,158151135,3048,2
1115,248249235,158151135,3085,2
1261,248249235,158151135,3301,2
1415,248249235,158151135,3607,2
1570,248249235,158151135,3852,3
1735,249245229,158151135,4071,3
1909,249245229,158151135,4328,3
2089,249245229,158151135,4507,3
2279,255225123,158151135,4711,3
2469,255225123,158151135,5259,4
2667,255225123,158151135,5539,4
2875,255225123,158151135,5831,4
3087,255225123,158151135,6226,4
3299,255225123,158151135,6749,4
13,240226213,112107103,228,0
35,240226213,222653,337,0
60,240226213,150147142,617,0
113,254238223,150147142,1101,0
170,254238223,147144139,1456,0
227,254238223,147144139,1656,1
294,254238223,158154143,1792,1
367,254238223,158154143,2186,1
447,254238223,158154143,2663,1
533,255247229,158154143,2857,1
619,255247229,158154143,3031,2
708,255247229,158154143,3183,2
803,255247229,158154143,3402,2
898,255247229,158154143,3589,2
996,255247229,158154143,3773,2
1096,255247229,158154143,3895,3
1204,255247229,158154143,4115,3
1313,255247229,158154143,4471,3
1433,255247229,158154143,4658,3
1555,255247229,158154143,4940,3
1683,255247229,158154143,5374,4
1817,255247229,158154143,5627,4
1961,255247229,158154143,5790,4
2111,255247229,158154143,5921,4
2263,255247229,158154143,6067,4
49,234197193,454140,351,0
103,234197193,454140,709,0
157,234197193,165165163,976,0
218,234197193,165165163,1197,0
307,234197193,165165163,1593,0
397,238235230,165165163,1762,1
487,238235230,165165163,1879,1
581,238235230,165165163,2068,1
676,238235230,165165163,2177,1
777,238235230,165165163,2602,1
882,255230175,165165163,2744,2
987,255230175,165165163,2849,2
1096,255230175,165165163,3196,2
1222,255230175,165165163,3525,2
1350,255230175,165165163,3875,2
1479,255230175,165165163,4139,3
1613,255255255,165165163,4265,3
1747,255255255,165165163,4559,3
1888,255255255,165165163,4720,3
2029,255255255,165165163,5037,3
2195,255255255,165165163,5185,4
2361,255255255,165165163,5279,4
2527,255255255,165165163,5361,4
2724,255255255,165165163,5696,4
2941,255255255,165165163,6162,4
63,242241237,484743,249,0
129,242241237,149146141,564,0
197,242241237,149146141,669,0
267,242241237,158154142,945,0
348,242241237,158154142,1180,0
448,247236194,158154142,1531,1
561,247236194,158154142,1641,1
692,255255253,158154142,1974,1
854,255255253,158154142,2400,1
1021,255255253,158154142,2720,1
1192,255255253,158154142,2839,2
1374,255255253,158154142,3060,2
1584,255255253,158154142,3457,2
1796,255255253,158154142,3725,2
2018,255255253,158154142,3968,2
2270,255255253,158154142,4228,3
2546,255255253,158154142,4527,3
2840,255255253,158154142,4760,3
3167,255255253,158154142,4946,3
3503,255255253,158154142,5268,3
3850,255255253,158154142,5565,4
4223,255255253,158154142,5905,4
4596,255255253,158154142,6110,4
4972,255255253,158154142,6210,4
5360,255255253,158154142,6392,4
22,231229209,178172150,339,0
48,231229209,178172150,599,0
106,242238242,178172150,1074,0
168,242238242,178172150,1445,0
248,247246241,150148135,1751,0
336,247246241,150148135,2037,1
426,247246241,150148135,2303,1
516,247246241,163154145,2390,1
607,251254254,163154145,2703,1
700,251254254,163154145,3037,1
794,251254254,163154145,3321,2
897,251254254,163154145,3461,2
1001,251254254,163154145,3826,2
1108,251254254,163154145,3926,2
1219,251254254,163154145,4138,2
1336,255255255,163154145,4357,3
1459,255255255,163154145,4565,3
1582,255255255,163154145,4886,3
1708,255255255,163154145,4935,3
1838,255255255,163154145,5020,3
1979,255255255,163154145,5171,4
2125,255255255,163154145,5623,4
2281,255255255,163154145,6012,4
2442,255255255,163154145,6383,4
2612,255255255,163154145,6734,4
6,250236215,134125120,163,0
27,251226153,141133110,482,0
50,251226153,141133110,902,0
85,251226153,141133110,1196,0
122,251226153,165161150,1475,0
159,251226153,160156145,1579,1
202,251252247,160156145,1821,1
254,251252247,160156145,2086,1
306,251252247,160156145,2121,1
358,251252247,160156145,2146,1
425,251252247,160156145,2386,2
493,251252247,160156145,2601,2
571,251252247,160156145,2819,2
663,251252247,160156145,3104,2
773,251252247,160156145,3343,2
890,251252247,160156145,3633,3
1028,251252247,160156145,4132,3
1171,251252247,160156145,4217,3
1314,251252247,160156145,4529,3
1459,255255251,160156145,4670,3
1605,255255251,160156145,4776,4
1758,255255251,160156145,4843,4
1914,255255251,160156145,4968,4
2073,255255251,160156145,5115,4
2238,255255251,160156145,5351,4
22,255239215,424242,403,0
53,255239215,161161161,596,0
90,255239215,161161161,740,0
129,255239215,161161161,912,0
175,255239215,161161161,1100,0
246,255239215,128125118,1472,1
319,255251253,155147134,1754,1
392,255251253,155147134,1904,1
487,255251253,131127115,2173,1
582,255251253,888472,2526,1
678,255251253,888472,2597,2
808,255251253,888472,2983,2
946,255251253,888472,3337,2
1084,255251253,888472,3488,2
1228,255251253,888472,3667,2
1372,255251253,888472,3729,3
1518,255251253,888472,3817,3
1671,255251253,888472,4038,3
1841,255251253,888472,4262,3
2014,255251253,888472,4326,3
2193,255251253,888472,4728,4
2390,255251253,888472,5194,4
2590,255251253,888472,5526,4
2825,255251253,888472,6050,4
3066,255251253,888472,6244,4
8,228232239,99121144,82,0
27,228232239,99121144,416,0
55,250251240,1039990,742,0
165,250251240,1009153,1123,0
280,255255250,157156154,1322,0
419,255255250,134126115,1726,1
574,255255250,134126115,2018,1
730,255255250,134126115,2131,1
900,255255250,134126115,2425,1
1071,255255250,134126115,2710,1
1249,255255250,134126115,2975,2
1427,255255250,134126115,3067,2
1606,255255250,134126115,3375,2
1787,255255250,134126115,3674,2
1969,255255250,134126115,3836,2
2155,255255250,134126115,3891,3
2347,255255253,134126115,4191,3
2543,255255253,134126115,4747,3
2754,255255253,134126115,4975,3
2970,255255253,134126115,5092,3
3194,255255253,134126115,5531,4
3461,255255253,134126115,5818,4
3766,255255253,134126115,5998,4
4097,255255253,134126115,6226,4
4443,255255253,134126115,6585,4
23,254249228,414143,406,0
50,254249228,414143,1071,0
87,254249228,1201923,1409,0
133,254249228,139127105,1742,0
180,254249228,139127105,1866,0
233,255255255,139127105,2025,1
304,255255255,178171153,2464,1
377,255255255,170161152,2716,1
457,255255255,170161152,2971,1
538,255255255,170161152,3169,1
641,255255255,170161152,3475,2
744,255255255,170161152,3577,2
856,255255255,170161152,3894,2
979,255255255,170161152,4120,2
1102,255255255,170161152,4254,2
1225,255255255,170161152,4285,3
1348,255255255,170161152,4299,3
1486,255255255,161151141,4414,3
1650,255255255,161151141,4847,3
1826,255255255,163153143,5051,3
2018,255255255,163153143,5594,4
2231,255255255,163153143,5823,4
2463,255255255,163153143,6108,4
2720,255255255,163153143,6487,4
2978,255255255,163153143,6553,4
11,235228222,111106103,188,0
25,235228222,151148143,507,0
67,247244239,908685,745,0
117,247244239,908685,1059,0
234,252246230,908685,1409,0
357,252246230,908685,1483,1
480,252246230,908685,1668,1
605,252246230,908685,1808,1
730,252246230,908685,1916,1
855,252246230,908685,2029,1
985,252246230,908685,2170,2
1117,255253233,908685,2386,2
1261,255253233,908685,2533,2
1410,255253233,908685,2605,2
1580,255253233,908685,3151,2
1754,255253233,908685,3241,3
1930,255253233,143133123,3553,3
2115,255253233,143133123,3813,3
2306,255253233,143133123,4007,3
2510,255255241,143133123,4347,3
2725,255255241,143133123,4473,4
2940,255255241,143133123,4514,4
3158,255255241,143133123,4664,4
3377,255255241,143133123,4755,4
3607,255255241,143133123,5236,4
11,247250250,168165158,302,0
32,247250250,168165158,628,0
63,247250250,168165158,866,0
122,247250250,170167160,1020,0
214,247250250,157156154,1196,0
320,247250250,157156154,1566,1
426,247250250,152155164,1829,1
532,247250250,152155164,2027,1
638,247250250,152155164,2195,1
744,247250250,152155164,2393,1
855,247250250,152155164,2448,2
975,248242223,152155164,2717,2
1105,248242223,152155164,2874,2
1235,248242223,152155164,2983,2
1365,248242223,152155164,3344,2
1506,248242223,152155164,3523,3
1665,248242223,152155164,3758,3
1826,248242223,152155164,3988,3
1988,253249234,152155164,4026,3
2154,255248219,152155164,4106,3
2347,255248219,152155164,4619,4
2567,255248219,152155164,5069,4
2794,255248219,152155164,5489,4
3028,255248219,152155164,5917,4
3284,255248219,152155164,6183,4
9,243242240,333331,259,0
30,254254252,333331,529,0
115,254254252,333331,920,0
230,254254252,333331,1138,0
373,254254252,333331,1564,0
517,254254252,333331,1837,1
661,254254252,333331,1909,1
805,254254252,333331,2011,1
950,254254252,333331,2151,1
1095,254254252,333331,2338,1
1240,254254252,333331,2470,2
1390,254254252,333331,2718,2
1547,254254252,333331,2952,2
1704,254254252,333331,3089,2
1872,254254252,333331,3300,2
2059,254254252,333331,3934,3
2253,254254252,333331,4079,3
2447,254254252,333331,4157,3
2651,255255237,333331,4257,3
2867,255255237,333331,4447,3
3093,255255237,333331,4819,4
3364,255255237,333331,5135,4
3643,255255237,333331,5281,4
3946,255255237,333331,5627,4
4271,255255237,333331,5839,4
30,238237232,283029,271,0
78,238237232,3380122,470,0
126,238237232,145145143,582,0
237,252252247,145145143,1055,0
421,255227149,145145143,1437,0
605,255227149,145145143,1679,1
797,255227149,145145143,2044,1
989,255227149,145145143,2282,1
1183,255227149,145145143,2543,1
1377,255227149,145145143,2855,1
1579,255227149,145145143,3290,2
1792,255255242,145145143,3626,2
2005,255255242,145145143,3747,2
2218,255255242,144134124,3801,2
2438,255255242,144134124,4081,2
2662,255255242,144134124,4249,3
2890,255255242,144134124,4445,3
3121,255255242,144134124,4663,3
3372,255255248,144134124,4897,3
3638,255255248,144134124,5348,3
3904,255255248,144134124,5501,4
4171,255255248,144134124,5913,4
4446,255255248,144134124,6177,4
4748,255255248,144134124,6537,4
5085,255255248,144134124,6946,4
27,241221202,633229,350,0
79,241221202,162161156,622,0
168,254203124,162161156,921,0
262,254203124,162161156,1256,0
399,254203124,162161156,1515,0
540,255252232,162161156,1829,1
681,255252232,162161156,1961,1
840,255252232,162161156,2328,1
1006,255252232,162161156,2495,1
1172,255252232,162161156,2768,1
1349,255254241,162161156,3059,2
1526,255254241,147137128,3183,2
1711,255254241,147137128,3769,2
1896,255254241,147137128,3811,2
2081,255254241,147137128,3975,2
2276,255254241,147137128,4190,3
2483,255255250,147137128,4407,3
2731,255255250,147137128,4712,3
3017,255255250,147137128,5029,3
3308,255255250,147137128,5265,3
3623,255255250,147137128,5710,4
3960,255255250,147137128,6124,4
4303,255255250,147137128,6447,4
4665,255255250,147137128,6791,4
5049,255255250,17412781,7136,4
4,226189178,313026,307,0
71,254251244,313026,607,0
143,254251244,313026,863,0
264,255245235,313026,1224,0
412,255245235,262823,1557,0
560,255245235,160162175,1791,1
708,255245235,91110,2048,1
857,255245235,91110,2124,1
1019,255245235,91110,2454,1
1189,255245235,91110,2661,1
1376,255245235,91110,3029,2
1563,255245235,91110,3165,2
1750,255245235,91110,3296,2
1947,255255248,91110,3517,2
2161,255255248,91110,3949,2
2383,255255248,91110,4025,3
2642,255255248,91110,4584,3
2909,255255248,91110,4756,3
3188,255255248,91110,4966,3
3477,255255248,91110,5053,3
3786,255255248,91110,5404,4
4112,255255248,91110,5930,4
4450,255255248,91110,6114,4
4807,255255248,91110,6521,4
5188,255255254,91110,6883,4
1,234212194,978873,202,0
2,234212194,978873,426,0
8,235206164,978873,718,0
23,235206164,978873,902,0
39,235206164,11411192,1124,0
55,235206164,11411192,1280,1
71,235206164,394140,1451,1
87,235206164,394140,1531,1
103,235206164,394140,1962,1
136,254252242,126119100,2419,1
185,255254247,126119100,2788,2
243,255254247,126119100,2999,2
320,255254247,126119100,3299,2
397,255254247,151139125,3390,2
474,255254247,161149135,3501,2
571,255254247,161149135,3708,3
676,255254247,161149135,3968,3
796,255255246,161149135,4160,3
934,255255246,161149135,4229,3
1086,255255246,161149135,4327,3
1242,255255246,161149135,4771,4
1407,255255246,161149135,5080,4
1586,255255246,161149135,5290,4
1804,255255255,161149135,5588,4
2070,255255255,161149135,5961,4
7,224217202,405171,214,0
44,239222210,405171,439,0
110,246245233,343256,652,0
183,246245233,343256,974,0
302,255207199,343256,1607,0
426,255207199,145147160,1869,1
560,255207199,160162175,2159,1
701,255207199,160162175,2603,1
845,255207199,160162175,2784,1
989,255207199,160162175,2928,1
1133,255207199,156142131,3149,2
1279,255207199,156142131,3323,2
1426,255207199,156142131,3437,2
1573,255207199,156142131,3678,2
1720,255207199,158148136,3786,2
1882,255207199,158148136,3917,3
2051,255207199,158148136,3985,3
2235,255243232,158148136,4076,3
2424,255243232,158148136,4136,3
2623,255243232,158148136,4242,3
2857,255255255,158148136,4539,4
3092,255255255,158148136,4759,4
3349,255255255,158148136,5189,4
3606,255255255,158148136,5549,4
3869,255255255,158148136,5931,4
8,232234246,867667,252,0
17,232234246,867667,321,0
36,232234246,138137151,608,0
70,232234246,856135,774,0
134,243215213,856135,1181,0
209,243215213,856135,1406,1
286,243215213,856135,1686,1
370,243215213,148148148,1970,1
459,243215213,148148148,2369,1
567,255255253,148148148,2631,1
675,255255253,145132116,2788,2
783,255255253,145132116,2996,2
891,255255253,144135130,3127,2
999,255255253,144135130,3241,2
1108,255255253,144135130,3349,2
1230,255255253,144135130,3457,3
1361,255255253,144135130,3539,3
1492,255255253,144135130,3646,3
1630,255255253,144135130,3743,3
1771,255255253,144135130,3780,3
1915,255255253,144135130,4147,4
2074,255255253,144135130,4427,4
2248,255255253,144135130,4600,4
2429,255255253,144135130,4852,4
2616,255255253,144135130,5079,4
33,242225209,343431,315,0
73,242225209,898886,481,0
199,250171168,898886,858,0
336,255249240,12210788,1223,0
482,255249240,176175173,1505,0
639,255249240,176175173,1796,1
797,255249240,176175173,2301,1
957,255249240,176175173,2459,1
1125,255249240,176175173,2693,1
1293,255249240,167169168,2949,1
1463,255249240,167169168,3017,2
1633,255249240,167169168,3095,2
1804,255249240,167169168,3164,2
1979,255249240,167169168,3264,2
2166,255249240,167169168,3388,2
2360,255249240,167169168,3450,3
2563,255254240,167169168,3524,3
2772,255254240,167169168,3845,3
2981,255254240,167169168,4002,3
3205,255254240,167169168,4251,3
3433,255254240,167169168,4529,4
3662,255254240,167169168,4628,4
3892,255254240,167169168,4721,4
4126,255254240,167169168,4819,4
4382,255255253,167169168,5108,4
10,226221210,969495,194,0
29,230189179,1161616,630,0
66,249249247,1161616,886,0
133,249249247,1161616,1450,0
233,249249247,1161616,1736,0
337,249249247,1161616,1869,1
444,249249247,1161616,2217,1
551,249249247,1161616,2370,1
662,251254255,1161616,2675,1
773,251254255,165164169,3024,1
885,251254255,165164169,3058,2
997,251254255,165164169,3216,2
1110,251254255,165164169,3273,2
1223,251254255,165164169,3328,2
1336,251254255,165164169,3364,2
1461,253255252,165164169,3639,3
1595,253255252,165164169,4055,3
1741,253255252,165164169,4319,3
1902,253255252,165164169,4600,3
2071,253255252,165164169,4826,3
2240,253255252,165164169,5036,4
2409,253255252,165164169,5439,4
2595,253255252,165164169,5966,4
2782,253255252,165164169,6242,4
2970,253255252,165164169,6425,4
7,236230233,149148144,235,0
15,236230233,189961,545,0
52,252252250,189961,830,0
99,252252250,174169163,1056,0
161,252252250,174169163,1246,0
225,252252250,135136130,1543,1
302,252252250,135136130,1977,1
383,252252250,135136130,2201,1
472,252252250,135136130,2434,1
561,252252250,177179192,2626,1
650,252252250,177179192,2680,2
739,252252250,177179192,2949,2
830,252252250,177179192,3031,2
922,252252250,177179192,3072,2
1022,252252250,177179192,3227,2
1138,253249232,177179192,3502,3
1270,254255245,177179192,3749,3
1408,254255245,177179192,4068,3
1562,254255245,177179192,4159,3
1776,254255245,177179192,4566,3
1990,254255245,177179192,4685,4
2207,254255245,177179192,5094,4
2426,254255245,16112169,5439,4
2652,254255245,16112169,5918,4
2888,254255245,16112169,6247,4
5,216213205,142141139,274,0
42,232207205,142141139,566,0
93,235235237,162161159,797,0
177,237227205,162161159,1072,0
272,247195144,162161159,1333,0
377,249231189,160159155,1639,1
491,253249237,160159155,1943,1
618,253249237,160159155,2193,1
747,253249237,160159155,2498,1
876,253249237,168170182,2741,1
1008,253249237,168170182,2830,2
1149,253249237,168170182,2979,2
1297,253249237,168170182,3293,2
1446,253249237,168170182,3431,2
1595,253249237,168170182,3586,2
1755,254255255,168170182,3864,3
1922,254255255,168170182,4045,3
2120,255255255,168170182,4591,3
2321,255255255,168170182,4853,3
2523,255255255,168170182,5153,3
2725,255255255,168170182,5529,4
2930,255255255,168170182,5827,4
3162,255255255,168170182,6190,4
3401,255255255,168170182,6662,4
3640,255255255,168170182,6976,4
0,175157143,1109884,354,0
58,247248238,129123125,869,0
134,249248229,232321,1063,0
217,252255253,232321,1311,0
306,252255253,232321,1580,0
398,252255253,232321,1939,1
492,252255253,232321,2178,1
588,252255253,232321,2473,1
711,252255253,232321,2741,1
836,252255253,232321,2950,1
963,252255253,232321,3144,2
1095,255255248,232321,3198,2
1228,255255248,232321,3254,2
1363,255255248,232321,3341,2
1498,255255248,232321,3435,2
1634,255255248,232321,3571,3
1779,255255248,232321,3965,3
1926,255255248,232321,4367,3
2076,255255248,232321,4518,3
2246,255255254,232321,4841,3
2416,255255254,232321,5089,4
2586,255255254,232321,5358,4
2773,255255254,232321,5604,4
2971,255255254,232321,5852,4
3188,255255254,232321,6357,4
0,196196199,158158158,164,0
7,212211207,158155148,447,0
28,220205177,158155148,618,0
49,220205177,158155148,814,0
75,237249183,158155148,1012,0
105,237249183,158155148,1317,1
142,255247224,158155148,1581,1
194,255247224,145147160,1867,1
246,255247224,145147160,2035,1
314,255247224,145147160,2300,1
383,255247224,145147160,2386,2
459,255247224,145147160,2553,2
535,255247224,145147160,2636,2
620,255247224,145147160,2844,2
712,255247224,145147160,2988,2
827,255247224,145147160,3240,3
966,255255255,145147160,3507,3
1112,255255255,145147160,3706,3
1260,255255255,145147160,3837,3
1420,255255255,145147160,4096,3
1580,255255255,145147160,4364,4
1747,255255255,145147160,4620,4
1926,255255255,145147160,4916,4
2105,255255255,145147160,5309,4
2286,255255255,145147160,5452,4
56,244243239,11710797,413,0
123,244243239,404038,808,0
245,254255252,414237,1310,0
374,254255252,414237,1656,0
517,254255252,134128106,1888,0
662,254255252,134128106,2317,1
832,254255252,134128106,2618,1
1027,254255252,134128106,2954,1
1232,254255252,148150163,3267,1
1437,254255252,148150163,3456,1
1647,254255252,148150163,3567,2
1860,254255252,148150163,3664,2
2087,254255252,148150163,3773,2
2325,254255252,148150163,3866,2
2566,254255252,148150163,3950,2
2809,255253244,148150163,4050,3
3066,255253244,148150163,4323,3
3324,255253244,148150163,4613,3
3583,255253244,148150163,4832,3
3845,255253244,148150163,5167,3
4140,255253244,148150163,5613,4
4451,255253244,148150163,5962,4
4763,255253244,148150163,6304,4
5105,255253244,148150163,6684,4
5453,255253244,148150163,7021,4
21,245203166,138133129,284,0
57,245203166,138133129,436,0
99,245203166,138133129,591,0
146,245203166,138133129,824,0
227,248205211,138133129,1120,0
308,248205211,157159172,1406,1
391,248205211,153152157,1737,1
487,248205211,153152157,1976,1
588,248205211,157159172,2210,1
698,248205211,151153166,2501,1
814,248205211,151153166,2639,2
933,248205211,151153166,2871,2
1062,248205211,151153166,2984,2
1204,248205211,151153166,3075,2
1348,248205211,151153166,3164,2
1494,248205211,151153166,3309,3
1654,254254247,151153166,3675,3
1869,255255250,151153166,3967,3
2102,255255250,151153166,4164,3
2371,255255250,151153166,4750,3
2647,255255250,151153166,5145,4
2931,255255250,151153166,5352,4
3229,255255250,151153166,5621,4
3535,255255250,151153166,6003,4
3879,255255250,151153166,6336,4
1,204201192,143138135,303,0
7,206192172,143138135,452,0
30,255250252,143138135,676,0
76,255250252,143138135,1003,0
147,255250252,143138135,1269,0
221,255250252,143138135,1466,1
295,255250252,143138135,1531,1
375,255250252,143138135,1863,1
473,255250252,143138135,2209,1
571,255250252,167169182,2440,1
681,255250252,167169182,2628,2
800,255250252,167169182,2780,2
920,255250252,167169182,3156,2
1060,255250252,167169182,3373,2
1206,255250252,167169182,3495,2
1352,255250252,167169182,3607,3
1504,255250252,167169182,3797,3
1673,255250252,167169182,4032,3
1862,255253237,167169182,4416,3
2062,255253237,167169182,4862,3
2262,255253237,167169182,5080,4
2462,255253237,167169182,5363,4
2695,255253237,167169182,5884,4
2943,255253237,167169182,6009,4
3198,255253237,167169182,6374,4
14,232222205,1019181,330,0
28,232222205,959492,505,0
97,237222219,322922,878,0
170,237222219,136131102,1229,0
243,237222219,136131102,1357,0
317,237222219,136131102,1615,1
396,237222219,1621320,1864,1
475,237222219,1621320,1997,1
568,237222219,1621320,2166,1
661,237222219,1621320,2438,1
755,237222219,1621320,2741,2
859,237222219,1621320,2920,2
963,237222219,1621320,2971,2
1080,237222219,1621320,3049,2
1214,237222219,1621320,3252,2
1348,237222219,1621320,3448,3
1490,244235230,1621320,3900,3
1635,244235230,1621320,4309,3
1786,244235230,1621320,4656,3
1937,244235230,1621320,4922,3
2104,254254254,1621320,5263,4
2286,254254254,1621320,5482,4
2478,254254254,1621320,5962,4
2688,255253251,1621320,6556,4
2902,255253251,1621320,6844,4
46,245235208,120157,478,0
186,254246238,120157,833,0
342,254246238,120157,1123,0
515,254246238,120157,1267,0
714,254246238,959593,1544,0
917,254246238,152154166,1788,1
1123,254246238,152154166,2012,1
1331,254246238,152154166,2162,1
1540,255252235,152154166,2740,1
1750,255252235,152154166,3150,1
1982,255252235,152154166,3360,2
2223,255252235,152154166,3513,2
2469,255252235,152154166,3737,2
2728,255252235,152154166,4014,2
2987,255252235,152154166,4193,2
3252,255252235,152154166,4441,3
3528,255254243,152154166,4721,3
3810,255254243,152154166,5060,3
4095,255254243,152154166,5151,3
4384,255254243,152154166,5524,3
4679,255254243,152154166,5794,4
5015,255254243,152154166,6088,4
5351,255254243,152154166,6328,4
5696,255254243,515771,6618,4
6047,255254243,515771,6694,4
7,233233233,156153146,227,0
41,233233233,133132130,476,0
87,233233233,133132130,704,0
161,233233233,133132130,932,0
256,251235209,133132130,1135,0
362,253255255,133132130,1443,1
470,253255255,133132130,1686,1
578,253255255,133132130,1970,1
702,253255255,133132130,2389,1
826,253255255,133132130,2533,1
951,253255255,133132130,2657,2
1089,253255255,133132130,2788,2
1241,253255255,133132130,2938,2
1397,253255255,133132130,3063,2
1564,253255255,133132130,3128,2
1739,254254252,133132130,3512,3
1919,254254252,133132130,3788,3
2102,254254252,133132130,3924,3
2297,254254252,133132130,4161,3
2504,254254252,133132130,4485,3
2724,254254252,133132130,4848,4
2963,254254252,133132130,5211,4
3223,254254252,133132130,5622,4
3485,254254252,133132130,5873,4
3771,254254252,133132130,6047,4
38,252215180,106106108,257,0
94,252215180,106106108,518,0
150,252215180,149145134,801,0
219,252238212,149145134,1064,0
309,252238212,149145134,1336,0
402,252238212,149145134,1623,1
497,252238212,149145134,1844,1
592,252238212,149145134,1981,1
687,252238212,161163176,2166,1
791,252238212,161163176,2363,1
898,252238212,161163176,2406,2
1015,252238212,161163176,2636,2
1133,252238212,161163176,2891,2
1301,255255255,161163176,3426,2
1470,255255255,160162175,3731,2
1645,255255255,160162175,3870,3
1837,255255255,160162175,4216,3
2033,255255255,160162175,4512,3
2231,255255255,160162175,4730,3
2440,255255255,160162175,4865,3
2651,255255255,160162175,5254,4
2862,255255255,160162175,5559,4
3107,255255255,160162175,6075,4
3352,255255255,160162175,6370,4
3611,255255255,160162175,6857,4
9,215214210,178178178,200,0
20,221218206,173169158,444,0
31,221218206,181181181,629,0
54,221218206,181181181,1211,0
93,255255255,232321,1482,0
140,255255255,232321,1722,1
190,255255255,232321,2003,1
241,255255255,232321,2365,1
299,255255255,232321,2640,1
364,255255255,232321,2907,1
464,255255255,232321,3275,2
565,255255255,232321,3407,2
673,255255255,232321,3736,2
793,255255255,232321,3975,2
913,255255255,232321,4246,2
1035,255255255,232321,4393,3
1168,255255255,171715,4673,3
1325,255255255,171715,4984,3
1485,255255255,171715,5213,3
1646,255255255,171715,5280,3
1808,255255255,171715,5425,4
1995,255255255,171715,5754,4
2182,255255255,171715,6071,4
2381,255255255,171715,6498,4
2581,255255255,171715,6786,4
31,255238206,373321,479,0
98,255238206,373321,840,0
189,255238206,373321,1113,0
283,255238206,373321,1278,0
407,255238206,272725,1682,0
537,255238206,363634,1869,1
670,255238206,363634,2218,1
808,255238206,363634,2620,1
946,255238206,363634,2773,1
1088,255238206,162164177,3029,1
1235,255238206,162164177,3182,2
1385,255238206,162164177,3402,2
1536,255238206,162164177,3778,2
1695,255238206,162164177,4027,2
1871,255238206,162164177,4251,2
2056,255238206,162164177,4379,3
2266,255238206,162164177,4725,3
2480,255238206,162164177,5010,3
2708,255238206,162164177,5313,3
2943,255238206,162164177,5869,3
3200,255238206,162164177,6148,4
3466,255238206,162164177,6530,4
3746,255238206,16112160,6916,4
4032,255238206,16112160,7353,4
4334,255238206,16112160,7515,4
45,238195126,568151,430,0
117,255244218,568151,616,0
201,255244218,162162160,801,0
309,255244218,162162160,949,0
417,255244218,162162160,1104,0
527,255244218,163163173,1369,1
638,255244218,163163173,1625,1
750,255244218,163163173,1709,1
862,255244218,163163173,1822,1
974,255244218,163163173,1912,1
1098,255244218,163163173,2172,2
1242,255244218,163163173,2452,2
1395,255244218,163163173,2611,2
1549,255244218,163163173,2978,2
1708,255244218,163163173,3206,2
1872,255244218,163163173,3588,3
2040,255255248,163163173,3701,3
2225,255255248,163163173,3982,3
2413,255255248,163163173,4299,3
2607,255255248,163163173,4483,3
2804,255255248,163163173,4750,4
3024,255255248,163163173,4965,4
3244,255255248,163163173,5141,4
3466,255255248,163163173,5414,4
3690,255255248,163163173,5504,4
13,238235229,159158156,283,0
50,238235229,159158156,452,0
146,255203196,159158156,838,0
262,255203196,159158156,1156,0
397,255203196,1116171,1486,0
533,255203196,156157162,1706,1
671,255203196,156157162,1959,1
816,255255240,156157162,2281,1
961,255255240,156157162,2397,1
1106,255255240,156157162,2613,1
1267,255255240,156157162,2807,2
1444,255255248,156157162,3138,2
1633,255255248,160150140,3353,2
1823,255255248,160150140,3515,2
2014,255255248,160150140,3691,2
2208,255255248,160150140,3866,3
2403,255255248,160150140,4089,3
2598,255255248,160150140,4255,3
2799,255255251,160150140,4428,3
3009,255255251,160150140,4764,3
3219,255255251,160150140,5005,4
3429,255255251,160150140,5192,4
3641,255255251,160150140,5586,4
3863,255255251,160150140,6013,4
4090,255255251,160150140,6301,4
17,239227210,128123119,323,0
41,239227210,837061,520,0
78,239240226,262520,706,0
124,249253251,262520,770,0
179,249253251,262520,962,0
234,249253251,164166165,1282,1
302,253253253,164166165,1516,1
374,253253253,164166165,1891,1
446,253253253,155157169,2084,1
518,253253253,155157169,2169,1
592,253253253,155157169,2338,2
690,254234168,155157169,2694,2
810,254234168,155157169,3029,2
932,254234168,155157169,3218,2
1057,254234168,155157169,3549,2
1191,254234168,155157169,3868,3
1356,254234168,155157169,4076,3
1555,254234168,155157169,4286,3
1756,254234168,155157169,4439,3
1971,254234168,155157169,4638,3
2207,254234168,155157169,4734,4
2443,254234168,155157169,4963,4
2694,254234168,155157169,5220,4
2956,254234168,155157169,5656,4
3226,254234168,155157169,5849,4
4,212216201,676662,514,0
8,212216201,112113108,685,0
26,238239243,112113108,990,0
69,249197127,112113108,1398,0
123,249197127,112113108,1625,0
199,249197127,112113108,1793,1
276,249197127,112113108,2029,1
353,249197127,112113108,2130,1
435,249197127,112113108,2459,1
520,249197127,112113108,2632,1
609,249197127,112113108,3093,2
698,249197127,112113108,3290,2
788,249197127,112113108,3615,2
899,249197127,112113108,3928,2
1028,249197127,112113108,4226,2
1180,249197127,112113108,4666,3
1332,249197127,112113108,4895,3
1494,249197127,112113108,5244,3
1673,255246226,112113108,5600,3
1861,255246226,112113108,5839,3
2057,255246226,112113108,6109,4
2263,255246226,112113108,6746,4
2474,255246226,112113108,7128,4
2709,255246226,112113108,7371,4
2954,255246226,112113108,7719,4
13,218199166,152151156,259,0
37,221229215,152151156,490,0
89,242212194,152151156,865,0
157,242212194,152151156,1216,0
226,242212194,152151156,1725,0
301,242212194,129124120,1889,1
379,242212194,163165164,2289,1
473,255255238,163165164,2764,1
568,255255238,163165164,3111,1
671,255255238,163165164,3458,1
774,255255238,163165164,3595,2
881,255255238,163165164,3818,2
994,255255238,163165164,4096,2
1124,255255238,163165164,4505,2
1261,255255238,163165164,4741,2
1406,255255238,163165164,5045,3
1558,255255238,163165164,5471,3
1729,255255238,163165164,5804,3
1919,255255238,163165164,6081,3
2117,255255238,163165164,6277,3
2324,255255238,17913694,6716,4
2531,255255238,17913694,6951,4
2749,255255238,17913694,7191,4
2967,255255238,17913694,7548,4
3192,255255238,17913694,8001,4
17,244228215,177161146,295,0
58,244228215,177161146,681,0
99,244228215,177161146,939,0
149,244228215,177161146,1179,0
239,248238228,177161146,1415,0
331,248238228,177161146,1810,1
434,252254240,177161146,2139,1
538,252254240,177161146,2414,1
645,252254240,135137150,2576,1
761,255252244,135137150,2865,1
879,255252244,135137150,3083,2
1012,255252244,135137150,3367,2
1151,255252244,135137150,3500,2
1298,255252244,135137150,3831,2
1455,255252244,135137150,4048,2
1615,255252244,135137150,4408,3
1775,255252244,135137150,4559,3
1947,255252244,135137150,4920,3
2127,255252244,135137150,5100,3
2351,255252244,135137150,5472,3
2588,255252244,135137150,5820,4
2825,255252244,135137150,6096,4
3079,255252244,135137150,6297,4
3344,255252244,135137150,6463,4
3620,255252244,135137150,6759,4
3,220219214,272825,108,0
15,229227223,167164157,369,0
27,229227223,167164157,415,0
47,229227223,167164157,551,0
68,229227223,164160149,768,0
93,229227223,164160149,1083,1
130,229227223,164160149,1418,1
175,229227223,158160173,1708,1
223,229227223,158160173,1885,1
272,236238237,158160173,2039,1
325,236238237,158160173,2158,2
387,252247229,158160173,2287,2
451,252247229,158160173,2541,2
518,252247229,158160173,2725,2
605,252247229,158160173,3106,2
695,252247229,158160173,3528,3
796,252247229,158160173,3753,3
925,254254247,158160173,4265,3
1056,254254247,158160173,4574,3
1213,255238221,158160173,4954,3
1389,255238221,158160173,5286,4
1568,255238221,158160173,5550,4
1752,255238221,158160173,6017,4
1936,255238221,158160173,6328,4
2121,255238221,158160173,6625,4
13,230226215,152143134,194,0
72,241221213,152143134,540,0
146,246230205,152143134,736,0
222,246230205,114104102,1000,0
303,246230205,151147136,1355,0
385,246230205,151147136,1466,1
470,246230205,151147136,1807,1
555,246230205,159159171,2040,1
661,246230205,159159171,2347,1
780,246230205,159159171,2590,1
899,246230205,159159171,2688,2
1024,250220170,159159171,2947,2
1149,250220170,146148161,3214,2
1284,250220170,154156169,3482,2
1419,250220170,154156169,3657,2
1555,250220170,154156169,4004,3
1693,250255241,154156169,4150,3
1848,253255242,154156169,4380,3
2011,255253248,154156169,4599,3
2189,255253248,154156169,5222,3
2372,255253248,154156169,5648,4
2567,255253248,154156169,6025,4
2766,255253248,154156169,6360,4
2965,255253248,154156169,6609,4
3171,255253248,154156169,6827,4
24,226198177,145142135,308,0
87,226198177,145142135,577,0
169,255235174,252620,762,0
253,255235174,252620,1066,0
339,255235174,252620,1289,0
432,255235174,252620,1610,1
526,255235174,154157166,1773,1
623,255235174,154157166,2034,1
732,255235174,154157166,2295,1
846,255235174,154157166,2682,1
963,255235174,154157166,2859,2
1103,255235174,154157166,3117,2
1255,255235174,154157166,3323,2
1413,255235174,154157166,3499,2
1575,255235174,154157166,3777,2
1765,255235174,154157166,4004,3
1956,255235174,154157166,4131,3
2153,255235174,154157166,4384,3
2362,255235174,154157166,4731,3
2571,255235174,154157166,4898,3
2802,255235174,154157166,5214,4
3098,255235174,154157166,5474,4
3395,255235174,154157166,5664,4
3701,255235174,154157166,5999,4
4016,255235174,154157166,6589,4
65,254209139,313131,424,0
165,254209139,858178,602,0
271,254209139,196150,866,0
381,254209139,196150,1215,0
504,254209139,169165153,1479,0
629,254209139,156158170,1734,1
754,254209139,156158170,1832,1
880,254209139,156158170,2017,1
1007,254209139,156158170,2073,1
1145,254209139,156158170,2376,1
1288,254209139,156158170,2621,2
1437,254209139,156158170,2905,2
1590,254209139,156158170,3110,2
1750,254209139,156158170,3197,2
1916,254209139,156158170,3231,2
2113,255253254,156158170,3635,3
2319,255253254,156158170,3804,3
2529,255253254,156158170,3963,3
2739,255253254,156158170,4096,3
2950,255253254,156158170,4247,3
3184,255253254,156158170,4769,4
3420,255253254,156158170,5175,4
3659,255253254,156158170,5483,4
3903,255253254,156158170,5953,4
4155,255253254,156158170,6196,4
14,210209206,128127123,179,0
30,217216217,152149144,441,0
88,230229215,152149144,677,0
148,230229215,152149144,1047,0
209,230229215,152149144,1211,0
275,232215197,152149144,1609,1
341,232215197,150151146,1892,1
407,232215197,150151146,2041,1
482,250236213,150151146,2419,1
563,250236213,150151146,2538,1
660,250236213,150151146,2814,2
760,250236213,150151146,2993,2
879,250236213,29226,3315,2
1005,250236213,29226,3561,2
1132,250236213,29226,3685,2
1265,252240121,29226,3937,3
1406,255248207,29226,4201,3
1560,255248207,29226,4442,3
1721,255248207,29226,4587,3
1890,255248207,29226,4834,3
2070,255248207,29226,5134,4
2258,255248207,29226,5429,4
2448,255248207,29226,5795,4
2650,255248207,29226,6163,4
2856,255248207,29226,6500,4
26,225221212,323328,496,0
58,254240213,323328,672,0
91,254240213,142138127,1023,0
124,254240213,142138127,1355,0
174,254240213,142138127,1758,0
226,254240213,142138127,1906,1
284,254240213,142138127,2096,1
357,254240213,142138127,2478,1
430,254240213,157156161,2699,1
504,254240213,157156161,2985,1
579,254240213,157156161,3173,2
662,254240213,157156161,3399,2
747,254240213,157156161,3640,2
840,254240213,157156161,3818,2
935,255255251,157156161,4043,2
1032,255255251,157156161,4337,3
1139,255255251,157156161,4985,3
1256,255255251,157156161,5258,3
1374,255255251,157156161,5590,3
1493,255255251,157156161,5913,3
1618,255255251,157156161,6082,4
1743,255255251,157156161,6162,4
1890,255255251,157156161,6528,4
2037,255255251,157156161,6829,4
2188,255255251,157156161,7202,4
10,217216211,125122115,148,0
20,217216211,114109105,319,0
110,247240232,114109105,710,0
208,247240232,132127121,836,0
312,247240232,158160173,1215,1
416,247240232,158160173,1354,1
521,247240232,158160173,1471,1
631,247240232,158160173,1557,1
750,247240232,158160173,1826,2
877,247240232,158160173,2123,2
1012,250247234,158160173,2438,2
1150,250247234,158160173,2664,2
1292,250247234,158160173,2937,3
1444,250247234,158160173,3190,3
1597,250247234,158160173,3305,3
1761,253245225,158160173,3582,3
1938,253245225,158160173,4025,4
2123,253245225,158160173,4330,4
2331,253245225,158160173,4459,4
2539,253245225,163165164,4652,4
1,226228217,152151156,262,0
4,226228217,152151156,470,0
20,236204194,152151156,677,0
43,238238233,171167156,865,0
92,238238233,171167156,951,1
141,238238233,147146141,1270,1
195,238238233,147146141,1663,1
255,238238233,147146141,1890,1
315,238238233,147146141,2107,2
395,254255240,147146141,2411,2
476,254255240,147146141,2541,2
557,254255240,147146141,2794,2
653,255255251,147146141,3101,3
758,255255251,147146141,3415,3
872,255255251,147146141,3775,3
1001,255255251,147146141,4042,3
1132,255255251,147146141,4418,4
1266,255255251,147146141,4691,4
1402,255255251,147146141,4946,4
1538,255255251,147146141,5332,4
30,238218133,2210153,464,0
61,238218133,2210153,667,0
136,255206209,2210153,1046,0
216,255206209,141137126,1284,0
300,255206209,141137126,1530,0
385,255206209,141137126,1627,1
475,255206209,141137126,1944,1
567,255206209,141137126,2293,1
670,255206209,141137126,2655,1
774,255206209,141137126,2924,1
892,255206209,141137126,3282,2
1010,255206209,141137126,3472,2
1131,255206209,141137126,3734,2
1268,255206209,141137126,4067,2
1411,255206209,141137126,4191,2
1561,255206209,141137126,4401,3
1716,255206209,141137126,4663,3
1874,255206209,141137126,4807,3
2072,255255255,141137126,5327,3
2277,255255255,141137126,5468,3
2487,255255255,141137126,5884,4
2714,255255255,141137126,6282,4
2956,255255255,141137126,6745,4
3200,255255255,141137126,7198,4
3480,255255255,141137126,7754,4
12,233223196,150140113,217,0
62,255201201,11210084,565,0
190,255254241,11210084,925,0
327,255254241,11210084,1315,0
506,255254241,11210084,1702,0
685,255254241,11210084,1774,1
903,255254241,11210084,2122,1
1134,255254241,11210084,2433,1
1369,255254241,11210084,2695,1
1609,255254241,161163176,2841,1
1852,255254241,161163176,3149,2
2106,255254241,161163176,3304,2
2361,255254241,161163176,3431,2
2616,255254241,161163176,3607,2
2876,255254241,161163176,3809,2
3145,255255255,565241,4108,3
3425,255255255,565241,4410,3
3707,255255255,565241,4678,3
3990,255255255,565241,4981,3
4286,255255255,565241,5225,3
4590,255255255,565241,5687,4
4915,255255255,565241,6005,4
5299,255255255,565241,6279,4
5684,255255255,565241,6380,4
6079,255255255,565241,6701,4
3,210195176,989493,253,0
47,250215103,989493,629,0
94,250215103,1049484,821,0
169,250215103,1049484,1228,0
295,250215103,1049484,1477,0
429,250215103,1049484,1959,1
568,250215103,1049484,2227,1
713,250215103,1049484,2447,1
858,250215103,1049484,2640,1
1012,250215103,132132130,2905,1
1169,250215103,152154167,3126,2
1327,250215103,152154167,3320,2
1502,250215103,152154167,3472,2
1683,250215103,152154167,3884,2
1867,250215103,152154167,4006,2
2053,250215103,152154167,4181,3
2254,250215103,168156144,4343,3
2466,250215103,168156144,4584,3
2683,255250206,168156144,4859,3
2900,255250206,168156144,5029,3
3123,255250206,168156144,5278,4
3350,255250206,168156144,5557,4
3604,255250206,168156144,5871,4
3871,255250206,168156144,6003,4
4151,255250206,168156144,6231,4
1,201194176,150142119,226,0
21,251240220,150142119,416,0
45,251240220,150142119,855,0
97,251240220,150142119,1087,0
153,251240220,159151140,1465,0
213,251240220,156158171,1728,1
277,251240220,156158171,2152,1
350,251240220,156158171,2601,1
423,251240220,156158171,2712,1
502,251240220,156158171,2937,1
589,251240220,156158171,3151,2
678,251240220,156158171,3375,2
771,251240220,156158171,3531,2
864,251240220,156158171,3719,2
969,255244226,156158171,3958,2
1086,255244226,156158171,4087,3
1232,255255253,156158171,4640,3
1378,255255253,156158171,4743,3
1524,255255253,156158171,5092,3
1695,255255253,156158171,5445,3
1872,255255253,156158171,5591,4
2063,255255253,156158171,5857,4
2255,255255253,156158171,6245,4
2468,255255253,156158171,6531,4
2707,255255253,156158171,7083,4
3,216214215,158155148,293,0
45,237222218,158155148,635,0
113,237222218,158155148,997,0
196,237222218,158155148,1264,0
280,237222218,180179177,1545,0
366,237222218,180179177,1781,1
452,237222218,180179177,1878,1
544,237222218,180179177,2210,1
639,237222218,180179177,2451,1
734,237222218,180179177,2667,1
845,255223158,180179177,3054,2
960,255223158,180179177,3302,2
1079,255223158,180179177,3573,2
1198,255223158,180179177,3806,2
1339,255223158,180179177,4205,2
1491,255223158,180179177,4356,3
1645,255255253,180179177,4499,3
1811,255255253,180179177,4829,3
1985,255255253,180179177,5066,3
2163,255255253,180179177,5212,3
2351,255255253,18514180,5496,4
2539,255255253,18514180,5779,4
2732,255255253,18514180,6001,4
2957,255255253,16512564,6218,4
3189,255255253,16512564,6558,4
8,232232227,143139136,276,0
26,232232227,143139136,398,0
44,232232227,143139136,687,0
65,232232227,146146146,901,0
90,232232227,146146146,1081,0
117,232232227,140139137,1281,1
144,232232227,140139137,1379,1
177,241242243,140139137,1520,1
212,241242243,160162174,1767,1
252,241242243,160162174,2112,1
304,255246204,160162174,2257,2
363,255246204,160162174,2530,2
442,255246204,160162174,2736,2
538,255246204,160162174,3053,2
643,255246204,160162174,3281,2
775,255246204,160162174,3825,3
911,255246204,160162174,4084,3
1059,255246204,160162174,4260,3
1212,255246204,160162174,4530,3
1375,255246204,10108,4902,3
1582,255246204,10108,5366,4
1800,255246204,10108,5768,4
2026,255246204,10108,6193,4
2252,255246204,10108,6323,4
2496,255246204,10108,6978,4
16,225214207,11110485,337,0
37,225214207,156153146,573,0
68,225214207,156153146,822,0
131,240237228,262624,1242,0
207,240237228,262624,1572,0
289,240237228,262624,1864,1
373,240237228,262624,2111,1
486,254255255,262624,2326,1
605,254255255,262624,2672,1
727,254255255,262624,2998,1
852,254255255,262624,3233,2
984,254255255,262624,3497,2
1131,254255255,262624,3909,2
1290,255255253,262624,4200,2
1453,255255253,262624,4494,2
1626,255255253,262624,4884,3
1814,255255253,262624,5196,3
2033,255255253,262624,5518,3
2273,255255255,262624,6097,3
2529,255255255,262624,6320,3
2787,255255255,262624,6635,4
3061,255255255,262624,6917,4
3362,255255255,262624,7009,4
3663,255255255,262624,7197,4
4002,255255255,262624,7418,4
21,246240234,175195,151,0
59,255229186,887249,329,0
107,255229186,160159155,549,0
177,255229186,160159155,771,0
276,255229186,160159155,1075,0
375,255229186,160159155,1174,1
478,255229186,160159155,1431,1
581,255229186,160159155,1542,1
701,255229186,175171160,1749,1
824,255229186,175171160,2190,1
949,255229186,175171160,2490,2
1074,255229186,175171160,2670,2
1202,255255244,175171160,2999,2
1342,255255244,175171160,3208,2
1503,255255244,175171160,3482,2
1690,255255244,179169159,3684,3
1883,255255244,179169159,4199,3
2082,255255244,179169159,4330,3
2292,255255255,179169159,4593,3
2508,255255255,179169159,4725,3
2724,255255255,179169159,4837,4
2941,255255255,179169159,5019,4
3167,255255255,179169159,5349,4
3396,255255255,179169159,5690,4
3631,255255255,179169159,6057,4
6,235222203,169159149,181,0
35,250193177,232426,578,0
78,250193177,140132121,996,0
126,250193177,232323,1219,0
188,251205199,232323,1508,0
255,251205199,162162172,1764,1
328,251205199,161163176,1942,1
415,251205199,161163176,2244,1
506,251205199,161163176,2711,1
600,251205199,161163176,2880,1
695,251205199,161163176,3105,2
797,251205199,161163176,3388,2
919,251252250,161163176,3835,2
1044,251252250,161163176,4178,2
1178,253238213,161163176,4454,2
1323,255255247,161163176,4736,3
1486,255255247,161163176,4997,3
1652,255255247,161163176,5259,3
1824,255255247,161163176,5518,3
2013,255255247,161163176,5737,3
2203,255255247,161163176,6158,4
2394,255255247,161163176,6418,4
2591,255255247,161163176,6607,4
2790,255255247,161163176,6890,4
2990,255255247,161163176,7404,4
